model,fraction,repeat,pr_auc,roc_auc,brier_score,n,positive_rate
latest_ensemble,1.0,-1,0.7144769121240221,0.9577510742555597,0.024798223631324744,10000,0.0525
timesfm_proxy,1.0,-1,0.07936019285524942,0.6597000628219625,0.2653918018485898,10000,0.0525
latest_ensemble,0.05,0,0.6692175592922373,0.9432814021421617,0.027144952034549488,500,0.052
timesfm_proxy,0.05,0,0.059222493206328164,0.5416666666666666,0.27511964901687147,500,0.052
latest_ensemble,0.05,1,0.765086316028057,0.9731418370658876,0.01951203172621541,500,0.052
timesfm_proxy,0.05,1,0.09642050097803456,0.6915774099318404,0.2777407176492742,500,0.052
latest_ensemble,0.05,2,0.6213049340507262,0.9500162284972412,0.03125978142995296,500,0.052
timesfm_proxy,0.05,2,0.08100477400753828,0.6516553067185977,0.26073180889283687,500,0.052
latest_ensemble,0.05,3,0.749998032915944,0.9545602077247647,0.02363910729540555,500,0.052
timesfm_proxy,0.05,3,0.08588019820550874,0.6673563777994158,0.26351262957611643,500,0.052
latest_ensemble,0.05,4,0.7159065619397281,0.9488802336903603,0.02440248133272955,500,0.052
timesfm_proxy,0.05,4,0.08485714494383456,0.6360759493670886,0.26167483787030255,500,0.052
latest_ensemble,0.05,5,0.7228513079710531,0.958049334631613,0.02630237411589608,500,0.052
timesfm_proxy,0.05,5,0.08518308269480356,0.6651249594287569,0.26660621118441413,500,0.052
latest_ensemble,0.05,6,0.7998026961789831,0.9760629665692957,0.02007566419714822,500,0.052
timesfm_proxy,0.05,6,0.08532856564794442,0.6518987341772151,0.2633455881343836,500,0.052
latest_ensemble,0.05,7,0.7854728774781566,0.96502758844531,0.02217412850087023,500,0.052
timesfm_proxy,0.05,7,0.08602709754817361,0.6995699448231094,0.2661767775306021,500,0.052
latest_ensemble,0.05,8,0.7166603270569982,0.9619441739694905,0.02450982588440657,500,0.052
timesfm_proxy,0.05,8,0.07891914286656007,0.6635832521908471,0.2781878635331085,500,0.052
latest_ensemble,0.05,9,0.7040758903798328,0.9598344693281402,0.025915571655441262,500,0.052
timesfm_proxy,0.05,9,0.08294005503597188,0.6708860759493671,0.26827367541176056,500,0.052
latest_ensemble,0.05,10,0.8712931337035584,0.986124634858812,0.017119615657494366,500,0.052
timesfm_proxy,0.05,10,0.12541007883336242,0.76643135345667,0.24696225386761803,500,0.052
latest_ensemble,0.05,11,0.6982694178802736,0.9683544303797469,0.024355892207114593,500,0.052
timesfm_proxy,0.05,11,0.09254305575038102,0.7070756247971437,0.2615209182074743,500,0.052
latest_ensemble,0.05,12,0.672754329434581,0.9386562804284324,0.02707432974538069,500,0.052
timesfm_proxy,0.05,12,0.08341848830249447,0.6856540084388185,0.2789888960291026,500,0.052
latest_ensemble,0.05,13,0.6732837180012,0.9403602726387537,0.028032854181084588,500,0.052
timesfm_proxy,0.05,13,0.07193981970146289,0.5933544303797469,0.2899115555448325,500,0.052
latest_ensemble,0.05,14,0.7813186656820282,0.9738721194417397,0.02071717494862646,500,0.052
timesfm_proxy,0.05,14,0.12177606370561751,0.7801850048685491,0.2533464647125291,500,0.052
latest_ensemble,0.05,15,0.7466773740879743,0.9593476144109057,0.023958760818001707,500,0.052
timesfm_proxy,0.05,15,0.11516002479875352,0.6987990912041545,0.2500236528318984,500,0.052
latest_ensemble,0.05,16,0.7600852386326845,0.9612138915936385,0.025266648451715126,500,0.052
timesfm_proxy,0.05,16,0.0853318189197391,0.6509250243427458,0.25844149418840723,500,0.052
latest_ensemble,0.05,17,0.6572016542136229,0.9604024667315806,0.025654251105050308,500,0.052
timesfm_proxy,0.05,17,0.0785542386620372,0.6378610840636157,0.2729961741559494,500,0.052
latest_ensemble,0.05,18,0.8086210628263727,0.9506653683868874,0.01763177676319157,500,0.052
timesfm_proxy,0.05,18,0.0774833258168635,0.6493833171048361,0.2804792990688783,500,0.052
latest_ensemble,0.05,19,0.714771959828177,0.971924699772801,0.024283823986004174,500,0.052
timesfm_proxy,0.05,19,0.08460567160636875,0.6598912690684843,0.2718474349130127,500,0.052
latest_ensemble,0.05,20,0.6771620264423651,0.956588769879909,0.028523978703103234,500,0.052
timesfm_proxy,0.05,20,0.09368019616818304,0.6963648166179812,0.27464352103321593,500,0.052
latest_ensemble,0.05,21,0.7431742622272208,0.9459591041869523,0.025605914453507454,500,0.052
timesfm_proxy,0.05,21,0.08028500489040709,0.6568889970788705,0.2776675364481021,500,0.052
latest_ensemble,0.05,22,0.6486334576499738,0.9429568321973385,0.024984598171806267,500,0.052
timesfm_proxy,0.05,22,0.09536417732677677,0.7263469652710159,0.26705398255267815,500,0.052
latest_ensemble,0.05,23,0.7117236790884788,0.9707887049659202,0.024357877659175804,500,0.052
timesfm_proxy,0.05,23,0.07408316507177212,0.6017526777020449,0.26770675671058086,500,0.052
latest_ensemble,0.05,24,0.8638784507333396,0.981418370658877,0.014746086884806981,500,0.052
timesfm_proxy,0.05,24,0.07760426124725538,0.6737260629665693,0.2712677843834172,500,0.052
latest_ensemble,0.1,0,0.7523306554760039,0.958962187601428,0.023386806798788656,1000,0.052
timesfm_proxy,0.1,0,0.0738857598324851,0.6297874066861409,0.2648418718014163,1000,0.052
latest_ensemble,0.1,1,0.7098258355451001,0.9563453424212918,0.02309395314466304,1000,0.052
timesfm_proxy,0.1,1,0.08368805522322818,0.6895589905874716,0.2624083130444224,1000,0.052
latest_ensemble,0.1,2,0.6541376698173856,0.9533024991885752,0.025238085078556727,1000,0.052
timesfm_proxy,0.1,2,0.06874145747014179,0.589439305420318,0.2793520081572228,1000,0.052
latest_ensemble,0.1,3,0.6835985487547963,0.9534444985394352,0.027969169436721234,1000,0.052
timesfm_proxy,0.1,3,0.06902069259413067,0.5852300389483934,0.25523763310426456,1000,0.052
latest_ensemble,0.1,4,0.68715514796745,0.954397922752353,0.029090761062514042,1000,0.052
timesfm_proxy,0.1,4,0.0668025855286907,0.5993792599805258,0.27099641192539214,1000,0.052
latest_ensemble,0.1,5,0.7103289851822187,0.9508885102239533,0.027271140579015665,1000,0.052
timesfm_proxy,0.1,5,0.07077654027853081,0.6184173158065565,0.28180779930523747,1000,0.052
latest_ensemble,0.1,6,0.694911263866376,0.956081629341123,0.023779044545015098,1000,0.052
timesfm_proxy,0.1,6,0.06999275968360787,0.6160946121389159,0.2702108314355748,1000,0.052
latest_ensemble,0.1,7,0.6809404217877855,0.9429162609542356,0.02848443229269781,1000,0.052
timesfm_proxy,0.1,7,0.062060227055388745,0.5753002271989613,0.26257572665389,1000,0.052
latest_ensemble,0.1,8,0.6863011618062084,0.9502596559558585,0.02408187800645117,1000,0.052
timesfm_proxy,0.1,8,0.07786895258037954,0.6543330087633885,0.2690797419708207,1000,0.052
latest_ensemble,0.1,9,0.705564247216777,0.9450868224602402,0.026689545625165616,1000,0.052
timesfm_proxy,0.1,9,0.07729503242045997,0.6602969814995131,0.277218006882816,1000,0.052
latest_ensemble,0.1,10,0.6420453856177284,0.9379462836741318,0.030553526186977643,1000,0.052
timesfm_proxy,0.1,10,0.08113350616559159,0.6435714865303472,0.2673514957988094,1000,0.052
latest_ensemble,0.1,11,0.7936178476451308,0.9621876014281078,0.021223223669890257,1000,0.052
timesfm_proxy,0.1,11,0.1065564899208106,0.7584286757546251,0.24896514419364432,1000,0.052
latest_ensemble,0.1,12,0.5849663205778123,0.9464459591041869,0.032319945153187916,1000,0.052
timesfm_proxy,0.1,12,0.07905675315206644,0.667052093476144,0.26617026308525893,1000,0.052
latest_ensemble,0.1,13,0.7794495466410095,0.9596316131126257,0.021144802444453593,1000,0.052
timesfm_proxy,0.1,13,0.10042374864336284,0.708455047062642,0.24021665542878787,1000,0.052
latest_ensemble,0.1,14,0.8585205640715206,0.9796332359623499,0.01722846665318458,1000,0.052
timesfm_proxy,0.1,14,0.08139556881521287,0.6609562641999351,0.26350701914916497,1000,0.052
latest_ensemble,0.1,15,0.8399769276906358,0.98342664719247,0.016955137399683826,1000,0.052
timesfm_proxy,0.1,15,0.06504836941910534,0.5941962836741318,0.2694137220219024,1000,0.052
latest_ensemble,0.1,16,0.7515607326443359,0.9643378773125609,0.023352813492754136,1000,0.052
timesfm_proxy,0.1,16,0.07798027583617345,0.6400722168127231,0.2633146004360016,1000,0.052
latest_ensemble,0.1,17,0.7404978689943551,0.965575300227199,0.023937492129055576,1000,0.052
timesfm_proxy,0.1,17,0.1022924043842104,0.6970748133722817,0.25537354975653787,1000,0.052
latest_ensemble,0.1,18,0.7492887053038717,0.9673807205452776,0.023617981134612366,1000,0.052
timesfm_proxy,0.1,18,0.08552231806656933,0.6745374878286271,0.2567692543200859,1000,0.052
latest_ensemble,0.1,19,0.6960421855936494,0.95056394027913,0.02424326933675767,1000,0.052
timesfm_proxy,0.1,19,0.07784124161344483,0.6317753975981825,0.26451703766522244,1000,0.052
latest_ensemble,0.1,20,0.6597991282129466,0.966082440765985,0.028240338523146714,1000,0.052
timesfm_proxy,0.1,20,0.08431903003274802,0.6765254787406686,0.26118692426318013,1000,0.052
latest_ensemble,0.1,21,0.7360388666677412,0.971011846802986,0.021302545594349662,1000,0.052
timesfm_proxy,0.1,21,0.08547187275599333,0.6526594449853944,0.2744214379368906,1000,0.052
latest_ensemble,0.1,22,0.6785621771343663,0.9602604673807206,0.024760689429422535,1000,0.052
timesfm_proxy,0.1,22,0.09123205558065847,0.7127555988315482,0.25329024088373464,1000,0.052
latest_ensemble,0.1,23,0.7796766118697749,0.9587593313859137,0.020849604246511298,1000,0.052
timesfm_proxy,0.1,23,0.08905784140026621,0.6935755436546576,0.2713158927603372,1000,0.052
latest_ensemble,0.1,24,0.6496570571958811,0.9720666991236612,0.02484788336162488,1000,0.052
timesfm_proxy,0.1,24,0.08591472152162968,0.6644352482960078,0.2674345556016776,1000,0.052
latest_ensemble,0.2,0,0.7418403061899442,0.9632566905390124,0.023772390084848723,2000,0.0525
timesfm_proxy,0.2,0,0.07927952053129364,0.6602387234577207,0.2732570536591341,2000,0.0525
latest_ensemble,0.2,1,0.6980973420403542,0.9577333835909034,0.024340620013786472,2000,0.0525
timesfm_proxy,0.2,1,0.07972915371257944,0.6567357708254806,0.26650807659063475,2000,0.0525
latest_ensemble,0.2,2,0.73090949411203,0.9640608116597562,0.02187080620797041,2000,0.0525
timesfm_proxy,0.2,2,0.08538945861827064,0.671270260082925,0.25982074639248187,2000,0.0525
latest_ensemble,0.2,3,0.6954672498311694,0.9536373916321146,0.0251975580371277,2000,0.0525
timesfm_proxy,0.2,3,0.08738936403207857,0.6835883905013194,0.27673339869114866,2000,0.0525
latest_ensemble,0.2,4,0.7264980949017996,0.9604020605603718,0.02501862676015868,2000,0.0525
timesfm_proxy,0.2,4,0.07532273703202581,0.6382434979268752,0.27423460610261957,2000,0.0525
latest_ensemble,0.2,5,0.7258364825867964,0.9569141851991456,0.022284337872537707,2000,0.0525
timesfm_proxy,0.2,5,0.08376892847156239,0.6745194119864304,0.2622185986025108,2000,0.0525
latest_ensemble,0.2,6,0.7300401525793417,0.9596230682246514,0.02469112564180617,2000,0.0525
timesfm_proxy,0.2,6,0.08284692755180119,0.6785199145621309,0.25967207155344896,2000,0.0525
latest_ensemble,0.2,7,0.771718315341505,0.9647242115843699,0.021291954632028327,2000,0.0525
timesfm_proxy,0.2,7,0.08756859133000544,0.6798818947103907,0.26662583117664734,2000,0.0525
latest_ensemble,0.2,8,0.7832562988088148,0.9601407211961301,0.020450832022598432,2000,0.0525
timesfm_proxy,0.2,8,0.0776214075485964,0.6537630355572308,0.26535761287491766,2000,0.0525
latest_ensemble,0.2,9,0.6797167503631771,0.9526623947732128,0.02726967932382102,2000,0.0525
timesfm_proxy,0.2,9,0.0899807123068492,0.6819776353813293,0.25523287288127633,2000,0.0525
latest_ensemble,0.2,10,0.7874661157648298,0.9679607990953636,0.020475978256587396,2000,0.0525
timesfm_proxy,0.2,10,0.09159368461733357,0.7050358085186581,0.2608803303907605,2000,0.0525
latest_ensemble,0.2,11,0.680224181061281,0.9501495162708883,0.02579099739660352,2000,0.0525
timesfm_proxy,0.2,11,0.08166991498654641,0.6575700464882522,0.2627760973064978,2000,0.0525
latest_ensemble,0.2,12,0.7238794025395733,0.9660158311345646,0.023763434374540128,2000,0.0525
timesfm_proxy,0.2,12,0.08289719548192323,0.6754190224902625,0.2633365942421652,2000,0.0525
latest_ensemble,0.2,13,0.7185253301666091,0.955391380826737,0.025679266888895255,2000,0.0525
timesfm_proxy,0.2,13,0.08354062458418002,0.6885789672069355,0.2682275227376034,2000,0.0525
latest_ensemble,0.2,14,0.6700165164626329,0.9489986179168237,0.028489227133995605,2000,0.0525
timesfm_proxy,0.2,14,0.06940990697311653,0.6117678100263853,0.2678145187531345,2000,0.0525
latest_ensemble,0.2,15,0.6899193095841647,0.9602663651212464,0.026626105956788892,2000,0.0525
timesfm_proxy,0.2,15,0.07264873480400791,0.622060560371906,0.27092579531074784,2000,0.0525
latest_ensemble,0.2,16,0.742239772470641,0.9576881517778615,0.023287125298538113,2000,0.0525
timesfm_proxy,0.2,16,0.07585464038725279,0.6501067973363488,0.27443486952120477,2000,0.0525
latest_ensemble,0.2,17,0.7280011778132653,0.9641764040708632,0.022605663191087182,2000,0.0525
timesfm_proxy,0.2,17,0.08037582037270143,0.652672446287222,0.257794857219894,2000,0.0525
latest_ensemble,0.2,18,0.7216640600635713,0.9563010428445785,0.025165941594560388,2000,0.0525
timesfm_proxy,0.2,18,0.07315489856386159,0.62440005025757,0.27102277198293184,2000,0.0525
latest_ensemble,0.2,19,0.6601121523021963,0.9521145872597059,0.027924013144673875,2000,0.0525
timesfm_proxy,0.2,19,0.0838514437702121,0.6721547933157432,0.26635963779842664,2000,0.0525
latest_ensemble,0.2,20,0.688864155887181,0.9506068601583113,0.026827024349412882,2000,0.0525
timesfm_proxy,0.2,20,0.09240143224346557,0.6964970473677597,0.26648369644941666,2000,0.0525
latest_ensemble,0.2,21,0.6918458678584843,0.9501042844578464,0.025746822963071764,2000,0.0525
timesfm_proxy,0.2,21,0.07607098238385367,0.6360095489383089,0.27156890815417717,2000,0.0525
latest_ensemble,0.2,22,0.7396719485210451,0.9610152029149391,0.023342302642672362,2000,0.0525
timesfm_proxy,0.2,22,0.07821527931712143,0.6501821836914186,0.2680142939739703,2000,0.0525
latest_ensemble,0.2,23,0.7047617296734163,0.9611810528960925,0.026507570663987984,2000,0.0525
timesfm_proxy,0.2,23,0.08635287841987481,0.6841839427063701,0.26496279100032294,2000,0.0525
latest_ensemble,0.2,24,0.6971114937938553,0.9524462872220127,0.025935897349167483,2000,0.0525
timesfm_proxy,0.2,24,0.08571831691843068,0.673840934790803,0.2594978243833142,2000,0.0525
latest_ensemble,0.3,0,0.7169074416661237,0.9609986727122102,0.024342597527184894,3000,0.05266666666666667
timesfm_proxy,0.3,0,0.07346168417543102,0.630989497501314,0.27079700063200807,3000,0.05266666666666667
latest_ensemble,0.3,1,0.6782530458514036,0.9527877497572578,0.02769432613707251,3000,0.05266666666666667
timesfm_proxy,0.3,1,0.07403264668714397,0.6430241673273411,0.2689161272389831,3000,0.05266666666666667
latest_ensemble,0.3,2,0.7496199415511364,0.9642211314905709,0.023939576364791444,3000,0.05266666666666667
timesfm_proxy,0.3,2,0.08553448074439313,0.6888478874745009,0.26256613084358016,3000,0.05266666666666667
latest_ensemble,0.3,3,0.7514351781905795,0.9601412804318584,0.023294694390257206,3000,0.05266666666666667
timesfm_proxy,0.3,3,0.08299568100067226,0.6738524305400904,0.26723470173274716,3000,0.05266666666666667
latest_ensemble,0.3,4,0.7181208287769377,0.9614195743771101,0.024271502317626613,3000,0.05266666666666667
timesfm_proxy,0.3,4,0.08521215884497148,0.6818150437826811,0.25913738754840127,3000,0.05266666666666667
latest_ensemble,0.3,5,0.6992986446778319,0.9642255854764429,0.024315767727737806,3000,0.05266666666666667
timesfm_proxy,0.3,5,0.07785249505636462,0.646460417427556,0.2712087896057562,3000,0.05266666666666667
latest_ensemble,0.3,6,0.6927986536965601,0.9469641632296742,0.026426752542034734,3000,0.05266666666666667
timesfm_proxy,0.3,6,0.07635239830032617,0.6385501385189607,0.2604258476359749,3000,0.05266666666666667
latest_ensemble,0.3,7,0.7083129757466096,0.9594130537417935,0.02503107980448138,3000,0.05266666666666667
timesfm_proxy,0.3,7,0.0878543214404264,0.6762375399745233,0.26922637611933564,3000,0.05266666666666667
latest_ensemble,0.3,8,0.7211344715227141,0.9591079557095645,0.023785141175965162,3000,0.05266666666666667
timesfm_proxy,0.3,8,0.0737532463044078,0.63303499051301,0.26798475135379335,3000,0.05266666666666667
latest_ensemble,0.3,9,0.6867715436621652,0.9564934660027258,0.026808475458604798,3000,0.05266666666666667
timesfm_proxy,0.3,9,0.07198249669965195,0.6318658192216213,0.2658623846934188,3000,0.05266666666666667
latest_ensemble,0.3,10,0.7211720214243681,0.9639204874442139,0.024100349165054033,3000,0.05266666666666667
timesfm_proxy,0.3,10,0.07719091920973895,0.6454048227759022,0.26427348962521646,3000,0.05266666666666667
latest_ensemble,0.3,11,0.7193460744014506,0.9596802928941109,0.023440452365702982,3000,0.05266666666666667
timesfm_proxy,0.3,11,0.08562619705170672,0.6872856519299122,0.26218528775740507,3000,0.05266666666666667
latest_ensemble,0.3,12,0.7366867792022176,0.9595533542967601,0.023973436826232947,3000,0.05266666666666667
timesfm_proxy,0.3,12,0.07644675345748711,0.6352675509313285,0.2661497093837153,3000,0.05266666666666667
latest_ensemble,0.3,13,0.7275023536957146,0.9614017584336223,0.022754574817794547,3000,0.05266666666666667
timesfm_proxy,0.3,13,0.08794667962918776,0.6901985586901718,0.2720614917906081,3000,0.05266666666666667
latest_ensemble,0.3,14,0.717804556122058,0.9602481760927856,0.024817917614250055,3000,0.05266666666666667
timesfm_proxy,0.3,14,0.07967031799130112,0.662030438539449,0.2665837601255385,3000,0.05266666666666667
latest_ensemble,0.3,15,0.7798960232848091,0.9636421133272165,0.020998695820849424,3000,0.05266666666666667
timesfm_proxy,0.3,15,0.08439921771553179,0.6911483711773666,0.2670634817340245,3000,0.05266666666666667
latest_ensemble,0.3,16,0.7044686355239677,0.9537965775572561,0.026445786519470688,3000,0.05266666666666667
timesfm_proxy,0.3,16,0.0690996589393879,0.6132737686956057,0.2734334008848559,3000,0.05266666666666667
latest_ensemble,0.3,17,0.7199178602748662,0.9614485252852778,0.024876027865712746,3000,0.05266666666666667
timesfm_proxy,0.3,17,0.08018493840290652,0.6609648224195833,0.2621196650757498,3000,0.05266666666666667
latest_ensemble,0.3,18,0.6977650699556873,0.9606223109060298,0.026228341670525564,3000,0.05266666666666667
timesfm_proxy,0.3,18,0.08189684216544463,0.6608779696950802,0.2585131775914167,3000,0.05266666666666667
latest_ensemble,0.3,19,0.6828580232162592,0.9551305463259071,0.026784335632423092,3000,0.05266666666666667
timesfm_proxy,0.3,19,0.07602249141595721,0.633652981052744,0.26301622658293566,3000,0.05266666666666667
latest_ensemble,0.3,20,0.7606133216958649,0.9635530336097774,0.022454034129032147,3000,0.05266666666666667
timesfm_proxy,0.3,20,0.07728019143542933,0.6476050917966488,0.2742927841703408,3000,0.05266666666666667
latest_ensemble,0.3,21,0.6889356639943429,0.9597070168093426,0.025061976047015183,3000,0.05266666666666667
timesfm_proxy,0.3,21,0.07743104700611689,0.657284716592879,0.2696167993157913,3000,0.05266666666666667
latest_ensemble,0.3,22,0.6730970652021129,0.9557786012702769,0.027263240517599693,3000,0.05266666666666667
timesfm_proxy,0.3,22,0.0730983270421419,0.632115242430451,0.2709148983706291,3000,0.05266666666666667
latest_ensemble,0.3,23,0.6820220606963736,0.9474362857321016,0.026788094640182815,3000,0.05266666666666667
timesfm_proxy,0.3,23,0.07930534722951468,0.6601720129343749,0.2616309214163552,3000,0.05266666666666667
latest_ensemble,0.3,24,0.7134334463987758,0.9616133227625402,0.023699698808367572,3000,0.05266666666666667
timesfm_proxy,0.3,24,0.07646776736972116,0.64830770806795,0.26261627577518265,3000,0.05266666666666667
latest_ensemble,0.5,0,0.7291909567549865,0.9586548902973845,0.02420627730146588,5000,0.0524
timesfm_proxy,0.5,0,0.08486888878265542,0.6785728670905042,0.2615426098453319,5000,0.0524
latest_ensemble,0.5,1,0.7076128767922973,0.9587330306535756,0.024870450091041548,5000,0.0524
timesfm_proxy,0.5,1,0.07885897886397754,0.6601184511131375,0.2646738375403291,5000,0.0524
latest_ensemble,0.5,2,0.6844329593151705,0.9539052455540554,0.026159103166624287,5000,0.0524
timesfm_proxy,0.5,2,0.07611777264559814,0.6454107443795334,0.2674878335761042,5000,0.0524
latest_ensemble,0.5,3,0.7122933430946692,0.9624193220961593,0.025687712333606113,5000,0.0524
timesfm_proxy,0.5,3,0.07547197584494635,0.6536618020938394,0.2682605389091706,5000,0.0524
latest_ensemble,0.5,4,0.6843719203201022,0.9542395573872443,0.02637028829424441,5000,0.0524
timesfm_proxy,0.5,4,0.0820973414691897,0.6693543189866565,0.2639677025040975,5000,0.0524
latest_ensemble,0.5,5,0.7264801463207716,0.9657414955903061,0.02386911751003132,5000,0.0524
timesfm_proxy,0.5,5,0.08030238061083096,0.6583751961564611,0.2646408832766989,5000,0.0524
latest_ensemble,0.5,6,0.6757919067111647,0.9481212480545469,0.02730548515432443,5000,0.0524
timesfm_proxy,0.5,6,0.07575262825823303,0.646186508946668,0.26131715707173475,5000,0.0524
latest_ensemble,0.5,7,0.7266567014592404,0.9636099555647212,0.02402752104976893,5000,0.0524
timesfm_proxy,0.5,7,0.0877963463540716,0.6925410599376811,0.2564477650269996,5000,0.0524
latest_ensemble,0.5,8,0.6718518041193283,0.9489856253967435,0.027138322248177055,5000,0.0524
timesfm_proxy,0.5,8,0.07308419940968822,0.6416801465494185,0.26773045946199303,5000,0.0524
latest_ensemble,0.5,9,0.7171204566355397,0.9572217800534255,0.025002053555353093,5000,0.0524
timesfm_proxy,0.5,9,0.07371714670571333,0.6327068947183563,0.2676634306576706,5000,0.0524
latest_ensemble,0.5,10,0.7191802077850921,0.9565636288059187,0.02398326310530965,5000,0.0524
timesfm_proxy,0.5,10,0.07971020012470938,0.6566645668124212,0.26514679849819367,5000,0.0524
latest_ensemble,0.5,11,0.7421471224347891,0.9628809140971647,0.02335171583895625,5000,0.0524
timesfm_proxy,0.5,11,0.07741097326388777,0.6550707452173269,0.2681361476583881,5000,0.0524
latest_ensemble,0.5,12,0.6936131388431056,0.9505274876828242,0.02571801338928374,5000,0.0524
timesfm_proxy,0.5,12,0.08262701885348757,0.6622226017355215,0.2615392896834059,5000,0.0524
latest_ensemble,0.5,13,0.6812891012248071,0.9573571159280658,0.026360252891857953,5000,0.0524
timesfm_proxy,0.5,13,0.07638945233395486,0.645441758850805,0.26824759421006145,5000,0.0524
latest_ensemble,0.5,14,0.7149911373570274,0.9596642703624101,0.0246438660678041,5000,0.0524
timesfm_proxy,0.5,14,0.07768109155670552,0.6544206496766439,0.2609849484443584,5000,0.0524
latest_ensemble,0.5,15,0.7347394167524908,0.9601758077457232,0.023997525403631027,5000,0.0524
timesfm_proxy,0.5,15,0.08031450374885868,0.6556406864751128,0.26624615176295485,5000,0.0524
latest_ensemble,0.5,16,0.7113137861117497,0.9599864986353632,0.02525303965181579,5000,0.0524
timesfm_proxy,0.5,16,0.08334870172037989,0.6750440647163264,0.2618163778223649,5000,0.0524
latest_ensemble,0.5,17,0.6799678621567508,0.9518518458846615,0.02559462581810962,5000,0.0524
timesfm_proxy,0.5,17,0.08174365933906949,0.66476780230651,0.26222954120930264,5000,0.0524
latest_ensemble,0.5,18,0.728988940705862,0.9582794943593941,0.024015937093255686,5000,0.0524
timesfm_proxy,0.5,18,0.08121687931580973,0.6636077805238787,0.2634045184514952,5000,0.0524
latest_ensemble,0.5,19,0.7446931919695239,0.9603965341126962,0.022754138417434386,5000,0.0524
timesfm_proxy,0.5,19,0.08220718373479385,0.6679131530358737,0.2682178978225394,5000,0.0524
latest_ensemble,0.5,20,0.7054547172445331,0.9598737187398296,0.025734073877458092,5000,0.0524
timesfm_proxy,0.5,20,0.07899317917860676,0.6631042988473894,0.26369916616534567,5000,0.0524
latest_ensemble,0.5,21,0.6981191804485612,0.958698391114233,0.025444474367814024,5000,0.0524
timesfm_proxy,0.5,21,0.08307644270132146,0.6758351351264262,0.26482720991613107,5000,0.0524
latest_ensemble,0.5,22,0.7442880319864505,0.9605995379246566,0.0228057131014935,5000,0.0524
timesfm_proxy,0.5,22,0.0790313620824217,0.6644725606514167,0.26455627230763773,5000,0.0524
latest_ensemble,0.5,23,0.7176414734106952,0.957266892011639,0.02611464393101031,5000,0.0524
timesfm_proxy,0.5,23,0.07656800240033503,0.6402808702741196,0.26796298237355654,5000,0.0524
latest_ensemble,0.5,24,0.7211459695101489,0.9565249614131643,0.024900693696880232,5000,0.0524
timesfm_proxy,0.5,24,0.08212812402032188,0.6657429456175343,0.2624001262228196,5000,0.0524
latest_ensemble,0.8,0,0.7160057561549295,0.9575992587008418,0.024571199656182065,8000,0.0525
timesfm_proxy,0.8,0,0.07963124352114176,0.6607855886417892,0.2655420395407486,8000,0.0525
latest_ensemble,0.8,1,0.7042968802880368,0.9540793441387109,0.02556596193238519,8000,0.0525
timesfm_proxy,0.8,1,0.07838517706846754,0.6546386166603845,0.26516990227942017,8000,0.0525
latest_ensemble,0.8,2,0.6839606009767454,0.9551247015956779,0.02637524366739052,8000,0.0525
timesfm_proxy,0.8,2,0.07548270609342478,0.6463858524940319,0.2653780896646037,8000,0.0525
latest_ensemble,0.8,3,0.6924267307150614,0.9535626334966705,0.026216641384736308,8000,0.0525
timesfm_proxy,0.8,3,0.07806147998445753,0.6536150898354065,0.2682610869701648,8000,0.0525
latest_ensemble,0.8,4,0.7091135832799332,0.9587630355572307,0.024920294877064555,8000,0.0525
timesfm_proxy,0.8,4,0.08187508188783725,0.6689496167860284,0.26251277412661544,8000,0.0525
latest_ensemble,0.8,5,0.7160149526966597,0.9577478326422917,0.024640498274404236,8000,0.0525
timesfm_proxy,0.8,5,0.07977480669187256,0.660516553587134,0.26654205836750655,8000,0.0525
latest_ensemble,0.8,6,0.7107899178283366,0.9563792561879634,0.0252518892534094,8000,0.0525
timesfm_proxy,0.8,6,0.08061671973123877,0.6628830569166981,0.2647407677039386,8000,0.0525
latest_ensemble,0.8,7,0.6960829534162617,0.9554837291116975,0.025596459633749666,8000,0.0525
timesfm_proxy,0.8,7,0.0762098196534547,0.6467112702600829,0.26520280952802955,8000,0.0525
latest_ensemble,0.8,8,0.7053500594497838,0.9575348661892197,0.02537193740344722,8000,0.0525
timesfm_proxy,0.8,8,0.07879506303375311,0.6556828747330067,0.2648400708348165,8000,0.0525
latest_ensemble,0.8,9,0.7015086091049957,0.9564505591154667,0.02537709801465007,8000,0.0525
timesfm_proxy,0.8,9,0.07910831875562307,0.6559877183063199,0.2667347787465302,8000,0.0525
latest_ensemble,0.8,10,0.714751768081442,0.9592690664656364,0.024427848465946544,8000,0.0525
timesfm_proxy,0.8,10,0.0800536646953167,0.6595440696067345,0.26592807505778665,8000,0.0525
latest_ensemble,0.8,11,0.7077454080555287,0.9580217363990451,0.025561078263925275,8000,0.0525
timesfm_proxy,0.8,11,0.07872856084884704,0.6570960547807514,0.26605489946250455,8000,0.0525
latest_ensemble,0.8,12,0.733670125262075,0.9616085563513004,0.023983831188606,8000,0.0525
timesfm_proxy,0.8,12,0.07996213244633654,0.6604710076642795,0.26464292645967147,8000,0.0525
latest_ensemble,0.8,13,0.7038730862068341,0.9567389119236085,0.024986347896383883,8000,0.0525
timesfm_proxy,0.8,13,0.08092981760629939,0.6663630795326045,0.2641078811153448,8000,0.0525
latest_ensemble,0.8,14,0.7176487936262901,0.9574695313481594,0.02512023373500064,8000,0.0525
timesfm_proxy,0.8,14,0.07705186898929889,0.6496943711521548,0.264480798186157,8000,0.0525
latest_ensemble,0.8,15,0.7142857786593462,0.957018783766805,0.025034791049168753,8000,0.0525
timesfm_proxy,0.8,15,0.07767021482989139,0.6513286845081041,0.2674041460935416,8000,0.0525
latest_ensemble,0.8,16,0.7162070515323024,0.9578769317753487,0.024103702437187374,8000,0.0525
timesfm_proxy,0.8,16,0.08144309119332588,0.6679678665661515,0.2636341260168068,8000,0.0525
latest_ensemble,0.8,17,0.7224311839207629,0.958240985048373,0.024388498095271438,8000,0.0525
timesfm_proxy,0.8,17,0.07920949804285195,0.6603313858524941,0.26728679480649975,8000,0.0525
latest_ensemble,0.8,18,0.7245602155277459,0.9596466264606106,0.02462019339988784,8000,0.0525
timesfm_proxy,0.8,18,0.07797589150391003,0.652985142605855,0.26638998237414613,8000,0.0525
latest_ensemble,0.8,19,0.7111931552363736,0.9576008292499059,0.025332206252861273,8000,0.0525
timesfm_proxy,0.8,19,0.08166245393319822,0.6675673765548436,0.26489441615355025,8000,0.0525
latest_ensemble,0.8,20,0.7076841734259852,0.9547672446287223,0.025642491030151378,8000,0.0525
timesfm_proxy,0.8,20,0.07875579568953281,0.6581572747832641,0.2652975000820304,8000,0.0525
latest_ensemble,0.8,21,0.7067547910666275,0.9591396532227666,0.024742917265327426,8000,0.0525
timesfm_proxy,0.8,21,0.0815233733549732,0.6706048184445282,0.2662747191009718,8000,0.0525
latest_ensemble,0.8,22,0.719092094809566,0.9601696192989069,0.024205200569924312,8000,0.0525
timesfm_proxy,0.8,22,0.08175226094827094,0.6684812790551576,0.26409947247405957,8000,0.0525
latest_ensemble,0.8,23,0.7169360959005766,0.9593695816057294,0.024516020413781717,8000,0.0525
timesfm_proxy,0.8,23,0.07864067131757618,0.6571551074255559,0.2665884198170991,8000,0.0525
latest_ensemble,0.8,24,0.7283967556800058,0.9597273526824979,0.02412888637606651,8000,0.0525
timesfm_proxy,0.8,24,0.07996322559615239,0.6610271390878251,0.26594486349708324,8000,0.0525
